Time,RPM,Setpoint
64,0.00,1800.00
1048,0.00,1800.00
2260,0.00,1800.00
3404,0.00,1800.00
4540,0.00,1800.00
5724,300.00,1800.00
6988,0.00,1800.00
8172,300.00,1800.00
9480,600.00,1800.00
10784,300.00,1800.00
12132,600.00,1800.00
13508,600.00,1800.00
15128,900.00,1800.00
16996,600.00,1800.00
18868,900.00,1800.00
20736,900.00,1800.00
22620,900.00,1800.00
24476,1200.00,1800.00
26432,1200.00,1800.00
28384,1200.00,1800.00
30348,1200.00,1800.00
32296,1500.00,1800.00
34252,1200.00,1800.00
36204,1500.00,1800.00
38160,1500.00,1800.00
40116,1800.00,1800.00
42072,1800.00,1800.00
44024,1500.00,1800.00
45980,1800.00,1800.00
47936,1800.00,1800.00
49892,1800.00,1800.00
51844,1800.00,1800.00
53884,1800.00,1800.00
55756,1800.00,1800.00
57712,1800.00,1800.00
59668,1800.00,1800.00
61620,2100.00,1800.00
63576,1800.00,1800.00
65532,2100.00,1800.00
67488,2100.00,1800.00
69440,2100.00,1800.00
71396,2100.00,1800.00
73352,2100.00,1800.00
75304,2100.00,1800.00
77260,2100.00,1800.00
79224,2100.00,1800.00
81172,2400.00,1800.00
83124,2100.00,1800.00
85120,2400.00,1800.00
87036,2400.00,1800.00
88992,2100.00,1800.00
90948,2100.00,1800.00
92900,2400.00,1800.00
94856,2400.00,1800.00
96812,2400.00,1800.00
98764,2400.00,1800.00
100720,2100.00,1800.00
102792,2400.00,1800.00
104828,2100.00,1800.00
106868,2400.00,1800.00
108908,2400.00,1800.00
110948,2100.00,1800.00
112988,2100.00,1800.00
115028,2100.00,1800.00
117068,2100.00,1800.00
119108,2100.00,1800.00
121148,2100.00,1800.00
123188,2100.00,1800.00
125228,2100.00,1800.00
127268,2100.00,1800.00
129308,1800.00,1800.00
131368,2100.00,1800.00
133388,1800.00,1800.00
135428,1800.00,1800.00
137468,1800.00,1800.00
139508,1800.00,1800.00
141552,1500.00,1800.00
143588,1800.00,1800.00
145628,1500.00,1800.00
147668,1500.00,1800.00
149712,1500.00,1800.00
151748,1500.00,1800.00
153856,1800.00,1800.00
155828,1500.00,1800.00
157868,1500.00,1800.00
159908,1500.00,1800.00
161948,1500.00,1800.00
163988,1200.00,1800.00
166028,1500.00,1800.00
168072,1500.00,1800.00
170120,1500.00,1800.00
172148,1500.00,1800.00
174192,1200.00,1800.00
176228,1500.00,1800.00
178272,1200.00,1800.00
180308,1200.00,1800.00
182348,1200.00,1800.00
184392,1200.00,1800.00
186428,1200.00,1800.00
188468,1200.00,1800.00
190508,1200.00,1800.00
192632,900.00,1800.00
194500,1200.00,1800.00
196540,900.00,1800.00
198496,900.00,1800.00
200452,1200.00,1800.00
202492,900.00,1800.00
204456,900.00,1800.00
206408,900.00,1800.00
208364,900.00,1800.00
210320,900.00,1800.00
212276,900.00,1800.00
214228,1200.00,1800.00
216268,900.00,1800.00
218224,900.00,1800.00
220180,1200.00,1800.00
222224,900.00,1800.00
224176,1200.00,1800.00
226220,1200.00,1800.00
228256,1200.00,1800.00
230296,900.00,1800.00
232248,1200.00,1800.00
234292,900.00,1800.00
236244,900.00,1800.00
238200,900.00,1800.00
240156,900.00,1800.00
242108,900.00,1800.00
244072,1200.00,1800.00
246104,1200.00,1800.00
248144,900.00,1800.00
250120,1200.00,1800.00
252140,1200.00,1800.00
254180,900.00,1800.00
256136,900.00,1800.00
258092,1200.00,1800.00
260140,900.00,1800.00
262084,900.00,1800.00
264040,1200.00,1800.00
266080,900.00,1800.00
268036,1200.00,1800.00
270120,1200.00,1800.00
272116,900.00,1800.00
274068,1200.00,1800.00
276112,1200.00,1800.00
278148,900.00,1800.00
280120,900.00,1800.00
282060,1200.00,1800.00
284100,900.00,1800.00
286056,900.00,1800.00
288012,900.00,1800.00
289964,900.00,1800.00
291920,1200.00,1800.00
293960,900.00,1800.00
295916,900.00,1800.00
297872,1200.00,1800.00
299912,1200.00,1800.00
301948,900.00,1800.00
303952,1200.00,1800.00
305984,1200.00,1800.00
308024,900.00,1800.00
309980,900.00,1800.00
311932,1200.00,1800.00
313972,1200.00,1800.00
316012,900.00,1800.00
317968,1200.00,1800.00
320008,1200.00,1800.00
322048,1200.00,1800.00
324088,900.00,1800.00
326044,900.00,1800.00
328000,1200.00,1800.00
330120,900.00,1800.00
331992,900.00,1800.00
333948,1200.00,1800.00
335988,1200.00,1800.00
338028,900.00,1800.00
339988,900.00,1800.00
341940,900.00,1800.00
343892,900.00,1800.00
345848,900.00,1800.00
347804,1200.00,1800.00
349844,1200.00,1800.00
351884,900.00,1800.00
353868,1200.00,1800.00
355884,1200.00,1800.00
357916,900.00,1800.00
359872,900.00,1800.00
361828,900.00,1800.00
363784,900.00,1800.00
365740,900.00,1800.00
367692,1200.00,1800.00
369732,900.00,1800.00
371688,1200.00,1800.00
373728,1200.00,1800.00
375768,1200.00,1800.00
377808,900.00,1800.00
379764,900.00,1800.00
381720,1200.00,1800.00
383760,1200.00,1800.00
385800,900.00,1800.00
387752,1200.00,1800.00
389792,1200.00,1800.00
391832,900.00,1800.00
393856,900.00,1800.00
395744,900.00,1800.00
397700,1200.00,1800.00
399740,1200.00,1800.00
401776,900.00,1800.00
403732,1200.00,1800.00
405812,1200.00,1800.00
407852,900.00,1800.00
409808,900.00,1800.00
411764,900.00,1800.00
413716,900.00,1800.00
415672,1200.00,1800.00
417712,1200.00,1800.00
419752,1200.00,1800.00
421792,900.00,1800.00
423748,1200.00,1800.00
425788,1200.00,1800.00
427828,900.00,1800.00
429784,900.00,1800.00
431736,900.00,1800.00
433692,900.00,1800.00
435648,1200.00,1800.00
437688,1200.00,1800.00
439728,900.00,1800.00
441684,1200.00,1800.00
443724,1200.00,1800.00
445764,1200.00,1800.00
447804,900.00,1800.00
449756,900.00,1800.00
451712,1200.00,1800.00
453752,1200.00,1800.00
455792,900.00,1800.00
457752,1200.00,1800.00
459792,1200.00,1800.00
461832,900.00,1800.00
463784,900.00,1800.00
465736,900.00,1800.00
467692,1200.00,1800.00
469732,1200.00,1800.00
471772,900.00,1800.00
473728,900.00,1800.00
475684,900.00,1800.00
477640,900.00,1800.00
479592,900.00,1800.00
481548,1200.00,1800.00
483588,1200.00,1800.00
485628,900.00,1800.00
487620,1200.00,1800.00
489624,1200.00,1800.00
491664,900.00,1800.00
493616,900.00,1800.00
495572,1200.00,1800.00
497624,900.00,1800.00
499568,900.00,1800.00
501524,1200.00,1800.00
503564,1200.00,1800.00
505620,900.00,1800.00
507620,900.00,1800.00
509528,900.00,1800.00
511484,1200.00,1800.00
513524,1200.00,1800.00
515564,1200.00,1800.00
517620,1200.00,1800.00
519644,1200.00,1800.00
521684,1200.00,1800.00
523724,900.00,1800.00
525680,1200.00,1800.00
527720,1200.00,1800.00
529764,1200.00,1800.00
531800,1500.00,1800.00
533868,1200.00,1800.00
535880,1200.00,1800.00
537924,1200.00,1800.00
539960,1500.00,1800.00
542000,1200.00,1800.00
544040,1500.00,1800.00
546080,1200.00,1800.00
548120,1500.00,1800.00
550160,1200.00,1800.00
552200,1200.00,1800.00
554240,1500.00,1800.00
556284,1500.00,1800.00
558320,1500.00,1800.00
560360,1200.00,1800.00
562400,1200.00,1800.00
564440,1500.00,1800.00
566480,1500.00,1800.00
568520,1200.00,1800.00
570560,1500.00,1800.00
572628,1200.00,1800.00
574640,1500.00,1800.00
576680,1500.00,1800.00
578720,1500.00,1800.00
580760,1500.00,1800.00
582800,1500.00,1800.00
584840,1200.00,1800.00
586880,1500.00,1800.00
588924,1500.00,1800.00
590960,1500.00,1800.00
593000,1500.00,1800.00
595108,1500.00,1800.00
597080,1500.00,1800.00
599120,1500.00,1800.00
601160,1500.00,1800.00
603200,1500.00,1800.00
605288,1500.00,1800.00
607332,1500.00,1800.00
609368,1500.00,1800.00
611408,1500.00,1800.00
613448,1200.00,1800.00
615488,1500.00,1800.00
617528,1200.00,1800.00
619568,1200.00,1800.00
621608,1500.00,1800.00
623648,1500.00,1800.00
625688,1200.00,1800.00
627732,1200.00,1800.00
629772,1500.00,1800.00
631808,1200.00,1800.00
633884,1200.00,1800.00
635888,1500.00,1800.00
637928,1200.00,1800.00
639964,1200.00,1800.00
642008,1200.00,1800.00
644048,1200.00,1800.00
646088,1200.00,1800.00
648128,1200.00,1800.00
650168,1200.00,1800.00
652208,1200.00,1800.00
654248,1200.00,1800.00
656284,1200.00,1800.00
658324,900.00,1800.00
660280,1200.00,1800.00
662320,900.00,1800.00
664276,1200.00,1800.00
666368,1200.00,1800.00
668356,900.00,1800.00
670312,1200.00,1800.00
672352,900.00,1800.00
674312,900.00,1800.00
676260,1200.00,1800.00
678308,900.00,1800.00
680256,900.00,1800.00
682212,900.00,1800.00
684168,900.00,1800.00
686120,900.00,1800.00
688076,900.00,1800.00
690032,900.00,1800.00
691988,900.00,1800.00
693940,900.00,1800.00
695896,600.00,1800.00
697852,900.00,1800.00
699808,600.00,1800.00
701760,900.00,1800.00
703716,600.00,1800.00
705704,900.00,1800.00
707660,600.00,1800.00
709612,900.00,1800.00
711568,900.00,1800.00
713524,600.00,1800.00
715480,900.00,1800.00
717432,900.00,1800.00
719388,1200.00,1800.00
721428,900.00,1800.00
723384,900.00,1800.00
725336,1200.00,1800.00
727380,900.00,1800.00
729332,1200.00,1800.00
731372,1200.00,1800.00
733412,1200.00,1800.00
735452,900.00,1800.00
737408,1200.00,1800.00
739448,1200.00,1800.00
741488,1200.00,1800.00
743528,1200.00,1800.00
745568,1200.00,1800.00
747620,1200.00,1800.00
749648,1200.00,1800.00
751688,1200.00,1800.00
753728,1200.00,1800.00
755768,1200.00,1800.00
757808,1200.00,1800.00
759848,1200.00,1800.00
761888,1200.00,1800.00
763928,1500.00,1800.00
765972,1200.00,1800.00
768016,1200.00,1800.00
770132,1200.00,1800.00
772088,1500.00,1800.00
774128,1200.00,1800.00
776172,1200.00,1800.00
778208,1500.00,1800.00
780248,1200.00,1800.00
782288,1200.00,1800.00
784328,1500.00,1800.00
786376,1200.00,1800.00
788408,1200.00,1800.00
790452,1500.00,1800.00
792488,1200.00,1800.00
794528,1500.00,1800.00
796568,1200.00,1800.00
798608,1500.00,1800.00
800648,1200.00,1800.00
802696,1500.00,1800.00
804728,1200.00,1800.00
806816,1500.00,1800.00
808868,1500.00,1800.00
810896,1200.00,1800.00
812936,1500.00,1800.00
814976,1200.00,1800.00
817016,1500.00,1800.00
819056,1200.00,1800.00
821096,1200.00,1800.00
823136,1500.00,1800.00
825176,1200.00,1800.00
827216,1200.00,1800.00
829256,1500.00,1800.00
831364,1500.00,1800.00
833336,1500.00,1800.00
835376,1200.00,1800.00
837416,1200.00,1800.00
839456,1200.00,1800.00
841496,1500.00,1800.00
843536,1500.00,1800.00
845576,1200.00,1800.00
847620,1500.00,1800.00
849656,1200.00,1800.00
851696,1500.00,1800.00
853736,1200.00,1800.00
855776,1500.00,1800.00
857816,1200.00,1800.00
859856,1500.00,1800.00
861896,1200.00,1800.00
863936,1200.00,1800.00
865976,1500.00,1800.00
868016,1200.00,1800.00
870120,1200.00,1800.00
872096,1200.00,1800.00
874136,1200.00,1800.00
876176,1200.00,1800.00
878216,1200.00,1800.00
880256,1200.00,1800.00
882296,1200.00,1800.00
884336,1200.00,1800.00
886380,1200.00,1800.00
888416,1200.00,1800.00
890456,1200.00,1800.00
892496,1200.00,1800.00
894536,1200.00,1800.00
896576,1200.00,1800.00
898616,1200.00,1800.00
900656,1200.00,1800.00
902696,1200.00,1800.00
904736,1200.00,1800.00
906812,1200.00,1800.00
908868,1200.00,1800.00
910888,1200.00,1800.00
912928,1200.00,1800.00
914968,1200.00,1800.00
917012,1200.00,1800.00
919048,1200.00,1800.00
921088,1200.00,1800.00
923136,1200.00,1800.00
925168,900.00,1800.00
927124,1200.00,1800.00
929164,1200.00,1800.00
931204,1200.00,1800.00
933244,1200.00,1800.00
935284,1200.00,1800.00
937324,1200.00,1800.00
939364,900.00,1800.00
941368,1200.00,1800.00
943356,1200.00,1800.00
945396,900.00,1800.00
947352,1200.00,1800.00
949392,1200.00,1800.00
951432,900.00,1800.00
953388,1200.00,1800.00
955428,1200.00,1800.00
957468,1200.00,1800.00
959508,1200.00,1800.00
961552,900.00,1800.00
963504,1200.00,1800.00
965544,1200.00,1800.00
967620,1200.00,1800.00
969624,1200.00,1800.00
971664,900.00,1800.00
973616,1200.00,1800.00
975656,1200.00,1800.00
977696,1200.00,1800.00
979736,900.00,1800.00
981692,1200.00,1800.00
983732,900.00,1800.00
985688,1200.00,1800.00
987728,1200.00,1800.00
989768,1200.00,1800.00
991808,1200.00,1800.00
993868,1200.00,1800.00
995888,900.00,1800.00
997844,1200.00,1800.00
999884,1200.00,1800.00
1001924,900.00,1800.00
1003968,1200.00,1800.00
1006128,900.00,1800.00
1008168,1200.00,1800.00
1010292,900.00,1800.00
1012332,900.00,1800.00
1014372,1200.00,1800.00
1016500,900.00,1800.00
1018540,1200.00,1800.00
1020664,1200.00,1800.00
1022788,1200.00,1800.00
1024912,1200.00,1800.00
1027036,900.00,1800.00
1029080,1200.00,1800.00
1031204,1200.00,1800.00
1033328,900.00,1800.00
1035368,1200.00,1800.00
1037492,900.00,1800.00
1039532,900.00,1800.00
1041572,1200.00,1800.00
1043696,900.00,1800.00
1045740,900.00,1800.00
1047776,1200.00,1800.00
1049904,900.00,1800.00
1051944,900.00,1800.00
1053984,1200.00,1800.00
1056108,1200.00,1800.00
1058232,900.00,1800.00
1060272,1200.00,1800.00
1062396,1200.00,1800.00
1064524,1200.00,1800.00
1066648,900.00,1800.00
1068688,1200.00,1800.00
1070812,1200.00,1800.00
1072940,900.00,1800.00
1074980,900.00,1800.00
1077016,900.00,1800.00
1079060,1200.00,1800.00
1081184,1200.00,1800.00
1083308,900.00,1800.00
1085348,1200.00,1800.00
1087472,1200.00,1800.00
1089596,1200.00,1800.00
1091724,1200.00,1800.00
1093868,1200.00,1800.00
1095972,1200.00,1800.00
1098096,900.00,1800.00
1100140,900.00,1800.00
1102184,1200.00,1800.00
1104308,900.00,1800.00
1106384,900.00,1800.00
1108424,900.00,1800.00
1110464,1200.00,1800.00
1112620,1200.00,1800.00
1114712,1200.00,1800.00
1116836,900.00,1800.00
1118884,900.00,1800.00
1120916,1200.00,1800.00
1123044,900.00,1800.00
1125120,900.00,1800.00
1127124,900.00,1800.00
1129164,1200.00,1800.00
1131356,1200.00,1800.00
1133412,1200.00,1800.00
1135536,900.00,1800.00
1137620,900.00,1800.00
1139616,900.00,1800.00
1141656,1200.00,1800.00
1143784,1200.00,1800.00
1145908,1200.00,1800.00
1148032,900.00,1800.00
1150124,900.00,1800.00
1152112,900.00,1800.00
1154152,1200.00,1800.00
1156276,1200.00,1800.00
1158404,1200.00,1800.00
1160528,900.00,1800.00
1162620,1200.00,1800.00
1164692,1200.00,1800.00
1166816,900.00,1800.00
1168868,900.00,1800.00
1170896,900.00,1800.00
1172936,1200.00,1800.00
1175120,1200.00,1800.00
1177188,1200.00,1800.00
1179312,900.00,1800.00
1181376,900.00,1800.00
1183392,900.00,1800.00
1185432,1200.00,1800.00
1187620,1200.00,1800.00
1189684,1200.00,1800.00
1191808,900.00,1800.00
1193876,900.00,1800.00
1195888,900.00,1800.00
1197928,1200.00,1800.00
1200120,1200.00,1800.00
1202184,1200.00,1800.00
1204304,900.00,1800.00
1206388,900.00,1800.00
1208424,900.00,1800.00
1210464,1200.00,1800.00
1212620,1200.00,1800.00
1214712,1200.00,1800.00
1216836,900.00,1800.00
1218884,900.00,1800.00
1220916,900.00,1800.00
1222956,1200.00,1800.00
1225120,1200.00,1800.00
1227208,1200.00,1800.00
1229332,900.00,1800.00
1231376,900.00,1800.00
1233412,900.00,1800.00
1235452,1200.00,1800.00
1237620,1200.00,1800.00
1239704,1200.00,1800.00
1241828,900.00,1800.00
1243876,900.00,1800.00
1245908,900.00,1800.00
1247948,1200.00,1800.00
1250120,900.00,1800.00
1252112,900.00,1800.00
1254152,1200.00,1800.00
1256284,1200.00,1800.00
1258404,1200.00,1800.00
1260528,900.00,1800.00
1262624,900.00,1800.00
1264608,1200.00,1800.00
1266732,900.00,1800.00
1268772,900.00,1800.00
1270812,900.00,1800.00
1272852,1200.00,1800.00
1274976,1200.00,1800.00
1277104,1200.00,1800.00
1279236,900.00,1800.00
1281268,900.00,1800.00
1283308,900.00,1800.00
1285356,1200.00,1800.00
1287472,1200.00,1800.00
1289596,1200.00,1800.00
1291724,900.00,1800.00
1293764,900.00,1800.00
1295804,900.00,1800.00
1297844,900.00,1800.00
1299884,900.00,1800.00
1301924,900.00,1800.00
1303964,1200.00,1800.00
1306136,1200.00,1800.00
1308260,900.00,1800.00
1310308,1200.00,1800.00
1312424,1200.00,1800.00
1314552,1200.00,1800.00
1316676,900.00,1800.00
1318716,1200.00,1800.00
1320840,1200.00,1800.00
1322964,1200.00,1800.00
1325132,900.00,1800.00
1327132,1200.00,1800.00
1329256,1500.00,1800.00
1331380,1200.00,1800.00
1333504,1200.00,1800.00
1335632,1200.00,1800.00
1337756,1200.00,1800.00
1339880,1200.00,1800.00
1342004,1500.00,1800.00
1344132,1200.00,1800.00
1346256,1500.00,1800.00
1348380,1200.00,1800.00
1350504,1500.00,1800.00
1352632,1500.00,1800.00
1354760,1500.00,1800.00
1356880,1500.00,1800.00
1359004,1200.00,1800.00
1361132,1200.00,1800.00
1363256,1500.00,1800.00
1365380,1200.00,1800.00
1367504,1500.00,1800.00
1369632,1200.00,1800.00
1371756,1500.00,1800.00
1373880,1500.00,1800.00
1376004,1500.00,1800.00
1378132,1500.00,1800.00
1380264,1500.00,1800.00
1382380,1200.00,1800.00
1384504,1500.00,1800.00
1386632,1500.00,1800.00
1388756,1500.00,1800.00
1390880,1500.00,1800.00
1393004,1200.00,1800.00
1395136,1500.00,1800.00
1397256,1500.00,1800.00
1399380,1500.00,1800.00
1401504,1500.00,1800.00
1403632,1500.00,1800.00
1405796,1500.00,1800.00
1407920,1500.00,1800.00
1410136,1500.00,1800.00
1412176,1500.00,1800.00
1414296,1500.00,1800.00
1416420,1200.00,1800.00
1418544,1500.00,1800.00
1420672,1500.00,1800.00
1422796,1200.00,1800.00
1424920,1200.00,1800.00
1427048,1200.00,1800.00
1429172,1500.00,1800.00
1431380,1200.00,1800.00
1433428,1200.00,1800.00
1435548,1200.00,1800.00
1437672,1200.00,1800.00
1439796,1200.00,1800.00
1441920,1200.00,1800.00
1444044,1200.00,1800.00
1446172,1200.00,1800.00
1448296,1200.00,1800.00
1450428,900.00,1800.00
1452460,1200.00,1800.00
1454588,1200.00,1800.00
1456712,1200.00,1800.00
1458868,1200.00,1800.00
1460960,1200.00,1800.00
1463084,900.00,1800.00
1465132,900.00,1800.00
1467164,900.00,1800.00
1469208,900.00,1800.00
1471248,900.00,1800.00
1473288,900.00,1800.00
1475324,1200.00,1800.00
1477452,900.00,1800.00
1479492,900.00,1800.00
1481532,900.00,1800.00
1483572,900.00,1800.00
1485612,900.00,1800.00
1487652,900.00,1800.00
1489692,900.00,1800.00
1491732,900.00,1800.00
1493772,900.00,1800.00
1495816,900.00,1800.00
1497852,600.00,1800.00
1499892,900.00,1800.00
1501932,600.00,1800.00
1503972,900.00,1800.00
1506044,600.00,1800.00
1508084,900.00,1800.00
1510128,600.00,1800.00
1512164,900.00,1800.00
1514204,900.00,1800.00
1516244,900.00,1800.00
1518284,900.00,1800.00
1520324,900.00,1800.00
1522364,1200.00,1800.00
1524488,900.00,1800.00
1526528,1200.00,1800.00
1528652,900.00,1800.00
1530692,900.00,1800.00
1532732,1200.00,1800.00
1534856,1200.00,1800.00
1536988,1200.00,1800.00
1539108,1200.00,1800.00
1541232,900.00,1800.00
1543272,1200.00,1800.00
1545396,1200.00,1800.00
1547524,900.00,1800.00
1549564,1200.00,1800.00
1551688,1200.00,1800.00
1553876,1200.00,1800.00
1555944,1200.00,1800.00
1558068,1200.00,1800.00
1560188,1200.00,1800.00
1562312,1500.00,1800.00
1564436,1200.00,1800.00
1566564,1200.00,1800.00
1568688,1200.00,1800.00
1570812,1500.00,1800.00
1572940,1200.00,1800.00
1575120,1200.00,1800.00
1577188,1200.00,1800.00
1579312,1200.00,1800.00
1581436,1200.00,1800.00
1583564,1500.00,1800.00
1585696,1500.00,1800.00
1587812,1200.00,1800.00
1589936,1500.00,1800.00
1592064,1500.00,1800.00
1594188,1500.00,1800.00
1596368,1500.00,1800.00
1598436,1200.00,1800.00
1600564,1500.00,1800.00
1602688,1500.00,1800.00
1604812,1500.00,1800.00
1606984,1500.00,1800.00
1609112,1500.00,1800.00
1611236,1500.00,1800.00
1613360,1200.00,1800.00
1615484,1500.00,1800.00
1617620,1500.00,1800.00
1619736,1500.00,1800.00
1621860,1200.00,1800.00
1623984,1500.00,1800.00
1626112,1200.00,1800.00
1628236,1500.00,1800.00
1630360,1200.00,1800.00
1632484,1200.00,1800.00
1634612,1200.00,1800.00
1636736,1200.00,1800.00
1638876,900.00,1800.00
1640900,1200.00,1800.00
1643024,1200.00,1800.00
1645152,900.00,1800.00
1647192,1200.00,1800.00
1649316,900.00,1800.00
1651376,900.00,1800.00
1653396,900.00,1800.00
1655436,1200.00,1800.00
1657620,1200.00,1800.00
1659684,900.00,1800.00
1661724,1200.00,1800.00
1663876,900.00,1800.00
1665892,900.00,1800.00
1667932,900.00,1800.00
1669972,900.00,1800.00
1672012,900.00,1800.00
1674052,900.00,1800.00
1676092,900.00,1800.00
1678132,900.00,1800.00
1680172,900.00,1800.00
1682212,900.00,1800.00
1684252,900.00,1800.00
1686372,900.00,1800.00
1688332,900.00,1800.00
1690372,900.00,1800.00
1692412,600.00,1800.00
1694452,900.00,1800.00
1696492,900.00,1800.00
1698532,900.00,1800.00
1700572,600.00,1800.00
1702620,900.00,1800.00
1704652,900.00,1800.00
1706724,600.00,1800.00
1708764,600.00,1800.00
1710804,900.00,1800.00
1712844,600.00,1800.00
1714884,900.00,1800.00
1716924,900.00,1800.00
1718964,900.00,1800.00
1721004,900.00,1800.00
1723044,900.00,1800.00
1725120,900.00,1800.00
1727124,1200.00,1800.00
1729248,900.00,1800.00
1731356,1200.00,1800.00
1733420,1200.00,1800.00
1735540,900.00,1800.00
1737620,900.00,1800.00
1739620,900.00,1800.00
1741660,1200.00,1800.00
1743784,900.00,1800.00
1745824,1200.00,1800.00
1747948,1200.00,1800.00
1750124,1200.00,1800.00
1752200,1200.00,1800.00
1754324,1200.00,1800.00
1756448,1200.00,1800.00
1758572,1200.00,1800.00
1760700,1500.00,1800.00
1762824,1200.00,1800.00
1764948,1200.00,1800.00
1767072,1500.00,1800.00
1769200,1200.00,1800.00
1771376,1200.00,1800.00
1773448,1200.00,1800.00
1775572,1500.00,1800.00
1777700,1200.00,1800.00
1779824,1200.00,1800.00
1781948,1200.00,1800.00
1784080,1500.00,1800.00
1786200,1500.00,1800.00
1788324,1500.00,1800.00
1790448,1200.00,1800.00
1792624,1200.00,1800.00
1794700,1500.00,1800.00
1796824,1200.00,1800.00
1798948,1500.00,1800.00
1801072,1500.00,1800.00
1803200,1200.00,1800.00
1805372,1500.00,1800.00
1807496,1500.00,1800.00
1809620,1500.00,1800.00
1811748,1500.00,1800.00
1813872,1500.00,1800.00
1815996,1500.00,1800.00
1818120,1500.00,1800.00
1820248,1200.00,1800.00
1822372,1500.00,1800.00
1824496,1200.00,1800.00
1826620,1200.00,1800.00
1828748,1200.00,1800.00
1830872,1200.00,1800.00
1832996,1200.00,1800.00
1835128,900.00,1800.00
1837160,1200.00,1800.00
1839288,1200.00,1800.00
1841412,1200.00,1800.00
1843536,1200.00,1800.00
1845660,900.00,1800.00
1847708,1200.00,1800.00
1849828,900.00,1800.00
1851868,900.00,1800.00
1853908,1200.00,1800.00
1856032,900.00,1800.00
1858072,1200.00,1800.00
1860196,1200.00,1800.00
1862328,900.00,1800.00
1864360,1200.00,1800.00
1866488,900.00,1800.00
1868528,900.00,1800.00
1870568,900.00,1800.00
1872624,900.00,1800.00
1874648,900.00,1800.00
1876688,900.00,1800.00
1878728,900.00,1800.00
1880768,900.00,1800.00
1882808,900.00,1800.00
1884848,900.00,1800.00
1886888,600.00,1800.00
1888928,900.00,1800.00
1890968,900.00,1800.00
1893008,600.00,1800.00
1895116,900.00,1800.00
1897088,900.00,1800.00
1899128,900.00,1800.00
1901168,900.00,1800.00
1903208,900.00,1800.00
1905280,600.00,1800.00
1907320,600.00,1800.00
1909360,900.00,1800.00
1911400,900.00,1800.00
1913440,900.00,1800.00
1915480,900.00,1800.00
1917520,900.00,1800.00
1919560,1200.00,1800.00
1921684,900.00,1800.00
1923724,1200.00,1800.00
1925852,1200.00,1800.00
1927976,1200.00,1800.00
1930120,1200.00,1800.00
1932224,1200.00,1800.00
1934356,1200.00,1800.00
1936476,1500.00,1800.00
1938600,1200.00,1800.00
1940724,1200.00,1800.00
1942852,1500.00,1800.00
1944976,1500.00,1800.00
1947100,1500.00,1800.00
1949224,1200.00,1800.00
1951368,1500.00,1800.00
1953476,1500.00,1800.00
1955600,1500.00,1800.00
1957724,1500.00,1800.00
1959852,1500.00,1800.00
1961976,1500.00,1800.00
1964100,1500.00,1800.00
1966224,1500.00,1800.00
1968352,1500.00,1800.00
1970476,1500.00,1800.00
1972624,1500.00,1800.00
1974724,1500.00,1800.00
1976852,1800.00,1800.00
1978976,1500.00,1800.00
1981100,1800.00,1800.00
1983224,1800.00,1800.00
1985352,1800.00,1800.00
1987476,1800.00,1800.00
1989600,1800.00,1800.00
1991724,1800.00,1800.00
1993868,1800.00,1800.00
1995976,1800.00,1800.00
1998100,1800.00,1800.00
2000224,1800.00,1800.00
2002352,1800.00,1800.00
2004476,1800.00,1800.00
2006640,1800.00,1800.00
2008764,1800.00,1800.00
2010888,1800.00,1800.00
2013016,1800.00,1800.00
2015140,1500.00,1800.00
2017264,1500.00,1800.00
2019396,1500.00,1800.00
2021516,1800.00,1800.00
2023640,1500.00,1800.00
2025772,1500.00,1800.00
2027888,1500.00,1800.00
2030016,1500.00,1800.00
2032140,1500.00,1800.00
2034264,1200.00,1800.00
2036388,1500.00,1800.00
2038516,1200.00,1800.00
2040640,1500.00,1800.00
2042764,1200.00,1800.00
2044888,1200.00,1800.00
2047016,1500.00,1800.00
2049140,1200.00,1800.00
2051264,1200.00,1800.00
2053388,1200.00,1800.00
2055516,1200.00,1800.00
2057640,1200.00,1800.00
2059764,900.00,1800.00
2061804,1200.00,1800.00
2063928,1200.00,1800.00
2066056,1200.00,1800.00
2068180,900.00,1800.00
2070220,1200.00,1800.00
2072344,900.00,1800.00
2074384,900.00,1800.00
2076424,900.00,1800.00
2078464,900.00,1800.00
2080504,900.00,1800.00
2082616,900.00,1800.00
2084584,900.00,1800.00
2086624,900.00,1800.00
2088664,900.00,1800.00
2090704,600.00,1800.00
2092744,900.00,1800.00
2094784,600.00,1800.00
2096824,900.00,1800.00
2098872,600.00,1800.00
2100904,600.00,1800.00
2102944,600.00,1800.00
2104984,600.00,1800.00
2107064,600.00,1800.00
2109104,900.00,1800.00
2111144,900.00,1800.00
2113184,900.00,1800.00
2115224,900.00,1800.00
2117264,900.00,1800.00
2119304,900.00,1800.00
2121368,900.00,1800.00
2123384,900.00,1800.00
2125424,1200.00,1800.00
2127620,1200.00,1800.00
2129672,1200.00,1800.00
2131800,1200.00,1800.00
2133924,1200.00,1800.00
2136048,1500.00,1800.00
2138176,1500.00,1800.00
2140300,1200.00,1800.00
2142424,1500.00,1800.00
2144548,1200.00,1800.00
2146672,1500.00,1800.00
2148868,1500.00,1800.00
2150924,1500.00,1800.00
2153048,1500.00,1800.00
2155172,1500.00,1800.00
2157300,1500.00,1800.00
2159424,1500.00,1800.00
2161548,1800.00,1800.00
2163676,1500.00,1800.00
2165800,1800.00,1800.00
2167924,1500.00,1800.00
2170116,1800.00,1800.00
2172176,1800.00,1800.00
2174300,1800.00,1800.00
2176424,1800.00,1800.00
2178548,1800.00,1800.00
2180676,1500.00,1800.00
2182800,1800.00,1800.00
2184924,1800.00,1800.00
2187048,1500.00,1800.00
2189172,1800.00,1800.00
2191380,1800.00,1800.00
2193428,1800.00,1800.00
2195548,1800.00,1800.00
2197672,1800.00,1800.00
2199804,1800.00,1800.00
2201924,1800.00,1800.00
2204048,1800.00,1800.00
2206216,1800.00,1800.00
2208340,1800.00,1800.00
2210464,1800.00,1800.00
2212628,1500.00,1800.00
2214716,1800.00,1800.00
2216840,1800.00,1800.00
2218964,1800.00,1800.00
2221092,1800.00,1800.00
2223216,1500.00,1800.00
2225340,1500.00,1800.00
2227464,1500.00,1800.00
2229592,1500.00,1800.00
2231720,1500.00,1800.00
2233868,1500.00,1800.00
2235964,1500.00,1800.00
2238092,1500.00,1800.00
2240216,1500.00,1800.00
2242340,1200.00,1800.00
2244464,1500.00,1800.00
2246592,1200.00,1800.00
2248720,1500.00,1800.00
2250840,1200.00,1800.00
2252964,1200.00,1800.00
2255120,1200.00,1800.00
2257216,1200.00,1800.00
2259340,1200.00,1800.00
2261464,1200.00,1800.00
2263592,1200.00,1800.00
2265716,1200.00,1800.00
2267840,900.00,1800.00
2269880,900.00,1800.00
2271928,900.00,1800.00
2273960,1200.00,1800.00
2276084,900.00,1800.00
2278124,1200.00,1800.00
2280252,900.00,1800.00
2282292,900.00,1800.00
2284332,900.00,1800.00
2286372,900.00,1800.00
2288412,600.00,1800.00
2290452,900.00,1800.00
2292492,900.00,1800.00
2294532,900.00,1800.00
2296572,900.00,1800.00
2298612,900.00,1800.00
2300652,900.00,1800.00
2302692,600.00,1800.00
2304732,600.00,1800.00
2306808,600.00,1800.00
2308868,600.00,1800.00
2310888,900.00,1800.00
2312928,600.00,1800.00
2314968,900.00,1800.00
2317008,900.00,1800.00
2319052,1200.00,1800.00
2321176,900.00,1800.00
2323216,900.00,1800.00
2325256,1200.00,1800.00
2327380,900.00,1800.00
2329420,1200.00,1800.00
2331544,1200.00,1800.00
2333672,1200.00,1800.00
2335796,1200.00,1800.00
2337920,1500.00,1800.00
2340112,1200.00,1800.00
2342168,1200.00,1800.00
2344296,1500.00,1800.00
2346420,1500.00,1800.00
2348544,1200.00,1800.00
2350676,1500.00,1800.00
2352796,1500.00,1800.00
2354920,1500.00,1800.00
2357044,1500.00,1800.00
2359168,1500.00,1800.00
2361384,1500.00,1800.00
2363420,1800.00,1800.00
2365544,1500.00,1800.00
2367668,1500.00,1800.00
2369796,1500.00,1800.00
2371920,1800.00,1800.00
2374052,1500.00,1800.00
2376168,1500.00,1800.00
2378296,1500.00,1800.00
2380420,1800.00,1800.00
2382628,1500.00,1800.00
2384672,1800.00,1800.00
2386796,1500.00,1800.00
2388920,1800.00,1800.00
2391052,1800.00,1800.00
2393168,1800.00,1800.00
2395296,1800.00,1800.00
2397428,1800.00,1800.00
2399544,1800.00,1800.00
2401668,1800.00,1800.00
2403876,1800.00,1800.00
2405920,1800.00,1800.00
2408064,1800.00,1800.00
2410192,1800.00,1800.00
2412316,1800.00,1800.00
2414440,1800.00,1800.00
2416564,1500.00,1800.00
2418696,1500.00,1800.00
2420816,1500.00,1800.00
2422940,1500.00,1800.00
2425120,1500.00,1800.00
2427192,1500.00,1800.00
2429316,1500.00,1800.00
2431440,1500.00,1800.00
2433568,1500.00,1800.00
2435692,1500.00,1800.00
2437816,1200.00,1800.00
2439940,1500.00,1800.00
2442068,1500.00,1800.00
2444192,1200.00,1800.00
2446376,1200.00,1800.00
2448448,1500.00,1800.00
2450568,1200.00,1800.00
2452692,1200.00,1800.00
2454816,1200.00,1800.00
2456948,1200.00,1800.00
2459064,1200.00,1800.00
2461192,1200.00,1800.00
2463316,900.00,1800.00
2465356,1200.00,1800.00
2467480,900.00,1800.00
2469520,900.00,1800.00
2471560,1200.00,1800.00
2473688,900.00,1800.00
2475728,900.00,1800.00
2477768,900.00,1800.00
2479808,1200.00,1800.00
2481932,900.00,1800.00
2483972,900.00,1800.00
2486012,900.00,1800.00
2488052,900.00,1800.00
2490120,900.00,1800.00
2492132,900.00,1800.00
2494172,600.00,1800.00
2496212,900.00,1800.00
2498252,900.00,1800.00
2500292,600.00,1800.00
2502332,600.00,1800.00
2504372,600.00,1800.00
2506460,600.00,1800.00
2508488,600.00,1800.00
2510524,900.00,1800.00
2512628,600.00,1800.00
2514604,900.00,1800.00
2516644,900.00,1800.00
2518684,900.00,1800.00
2520724,1200.00,1800.00
2522848,900.00,1800.00
2524888,1200.00,1800.00
2527016,1200.00,1800.00
2529140,1200.00,1800.00
2531264,1200.00,1800.00
2533396,1200.00,1800.00
2535516,1200.00,1800.00
2537640,1200.00,1800.00
2539764,1500.00,1800.00
2541888,1500.00,1800.00
2544012,1200.00,1800.00
2546140,1500.00,1800.00
2548264,1500.00,1800.00
2550388,1500.00,1800.00
2552520,1500.00,1800.00
2554640,1500.00,1800.00
2556764,1200.00,1800.00
2558888,1500.00,1800.00
2561016,1500.00,1800.00
2563144,1500.00,1800.00
2565264,1800.00,1800.00
2567396,1500.00,1800.00
2569516,1500.00,1800.00
2571640,1500.00,1800.00
2573764,1500.00,1800.00
2575888,1800.00,1800.00
2578012,1500.00,1800.00
2580140,1800.00,1800.00
2582264,1800.00,1800.00
2584396,1800.00,1800.00
2586516,1500.00,1800.00
2588640,1800.00,1800.00
2590764,1800.00,1800.00
2592888,1800.00,1800.00
2595012,1800.00,1800.00
2597140,1800.00,1800.00
2599264,1800.00,1800.00
2601388,1800.00,1800.00
2603512,1800.00,1800.00
2605640,2100.00,1800.00
2607808,1800.00,1800.00
2609932,1800.00,1800.00
2612056,1500.00,1800.00
2614180,1800.00,1800.00
2616376,1800.00,1800.00
2618440,1500.00,1800.00
2620556,1800.00,1800.00
2622680,1800.00,1800.00
2624808,1500.00,1800.00
2626932,1500.00,1800.00
2629056,1500.00,1800.00
2631180,1500.00,1800.00
2633308,1500.00,1800.00
2635436,1500.00,1800.00
2637620,1500.00,1800.00
2639680,1500.00,1800.00
2641812,1500.00,1800.00
2643932,1500.00,1800.00
2646056,1500.00,1800.00
2648180,1200.00,1800.00
2650308,1500.00,1800.00
2652432,1200.00,1800.00
2654556,1200.00,1800.00
2656680,1200.00,1800.00
2658872,1200.00,1800.00
2660932,1200.00,1800.00
2663056,1200.00,1800.00
2665180,1200.00,1800.00
2667308,1200.00,1800.00
2669432,1200.00,1800.00
2671556,900.00,1800.00
2673596,900.00,1800.00
2675636,900.00,1800.00
2677676,900.00,1800.00
2679716,1200.00,1800.00
2681840,900.00,1800.00
2683880,900.00,1800.00
2685920,900.00,1800.00
2687960,900.00,1800.00
2690000,900.00,1800.00
2692040,900.00,1800.00
2694080,600.00,1800.00
2696120,900.00,1800.00
2698160,900.00,1800.00
2700200,900.00,1800.00
2702240,900.00,1800.00
2704280,600.00,1800.00
2706368,900.00,1800.00
2708376,600.00,1800.00
2710416,900.00,1800.00
2712456,900.00,1800.00
2714496,900.00,1800.00
2716536,900.00,1800.00
2718576,900.00,1800.00
2720616,900.00,1800.00
2722656,900.00,1800.00
2724696,900.00,1800.00
2726736,1200.00,1800.00
2728868,1200.00,1800.00
2730984,1200.00,1800.00
2733112,1200.00,1800.00
2735236,1200.00,1800.00
2737360,1200.00,1800.00
2739484,1200.00,1800.00
2741612,1500.00,1800.00
2743736,1500.00,1800.00
2745860,1500.00,1800.00
2747984,1200.00,1800.00
2750120,1500.00,1800.00
2752236,1500.00,1800.00
2754360,1500.00,1800.00
2756484,1500.00,1800.00
2758612,1500.00,1800.00
2760736,1500.00,1800.00
2762868,1500.00,1800.00
2764984,1800.00,1800.00
2767112,1500.00,1800.00
2769236,1500.00,1800.00
2771368,1500.00,1800.00
2773492,1800.00,1800.00
2775612,1800.00,1800.00
2777736,1500.00,1800.00
2779860,1500.00,1800.00
2781984,1800.00,1800.00
2784112,1500.00,1800.00
2786236,1800.00,1800.00
2788368,1800.00,1800.00
2790484,1800.00,1800.00
2792616,1800.00,1800.00
2794736,1500.00,1800.00
2796860,1800.00,1800.00
2798984,1800.00,1800.00
2801116,1800.00,1800.00
2803236,1800.00,1800.00
2805360,2100.00,1800.00
2807484,1800.00,1800.00
2809624,1800.00,1800.00
2811748,1800.00,1800.00
2813876,1800.00,1800.00
2816004,1500.00,1800.00
2818124,1800.00,1800.00
2820248,1500.00,1800.00
2822376,1500.00,1800.00
2824500,1500.00,1800.00
2826624,1500.00,1800.00
2828748,1800.00,1800.00
2830876,1500.00,1800.00
2833000,1500.00,1800.00
2835124,1500.00,1800.00
2837256,1500.00,1800.00
2839376,1500.00,1800.00
2841500,1500.00,1800.00
2843624,1200.00,1800.00
2845748,1200.00,1800.00
2847872,1500.00,1800.00
2850000,1500.00,1800.00
2852124,1200.00,1800.00
2854248,1200.00,1800.00
2856376,1500.00,1800.00
2858500,1200.00,1800.00
2860624,1200.00,1800.00
2862748,900.00,1800.00
2864788,1200.00,1800.00
2866916,900.00,1800.00
2868956,1200.00,1800.00
2871080,900.00,1800.00
2873120,900.00,1800.00
2875160,1200.00,1800.00
2877284,900.00,1800.00
2879324,900.00,1800.00
2881368,900.00,1800.00
2883404,900.00,1800.00
2885444,900.00,1800.00
2887484,900.00,1800.00
2889524,900.00,1800.00
2891564,900.00,1800.00
2893604,900.00,1800.00
2895644,900.00,1800.00
2897684,900.00,1800.00
2899724,900.00,1800.00
2901764,900.00,1800.00
2903868,900.00,1800.00
2905844,600.00,1800.00
2907888,900.00,1800.00
2909924,900.00,1800.00
2911964,600.00,1800.00
2914004,900.00,1800.00
2916044,900.00,1800.00
2918084,900.00,1800.00
2920124,900.00,1800.00
2922164,900.00,1800.00
2924204,900.00,1800.00
2926244,900.00,1800.00
2928284,1200.00,1800.00
2930408,900.00,1800.00
2932456,1200.00,1800.00
2934576,1200.00,1800.00
2936700,900.00,1800.00
2938740,900.00,1800.00
2940780,1200.00,1800.00
2942904,900.00,1800.00
2944944,1200.00,1800.00
2947068,1200.00,1800.00
2949192,1200.00,1800.00
2951368,1200.00,1800.00
2953444,1200.00,1800.00
2955568,900.00,1800.00
2957624,1200.00,1800.00
2959740,1500.00,1800.00
2961860,1200.00,1800.00
2963984,1200.00,1800.00
2966116,1200.00,1800.00
2968232,1500.00,1800.00
2970360,1200.00,1800.00
2972484,1200.00,1800.00
2974608,1200.00,1800.00
2976736,1200.00,1800.00
2978876,1200.00,1800.00
2980984,1200.00,1800.00
2983108,1200.00,1800.00
2985236,1500.00,1800.00
2987360,1500.00,1800.00
2989484,1500.00,1800.00
2991616,1200.00,1800.00
2993736,1500.00,1800.00
2995860,1500.00,1800.00
2997984,1200.00,1800.00
3000120,1500.00,1800.00
3002236,1200.00,1800.00
3004360,1500.00,1800.00
3006484,1200.00,1800.00
3008636,1500.00,1800.00
3010760,1200.00,1800.00
3012884,1500.00,1800.00
3015012,1200.00,1800.00
3017136,1200.00,1800.00
3019260,1500.00,1800.00
3021392,1200.00,1800.00
3023512,1200.00,1800.00
3025636,1500.00,1800.00
3027760,1200.00,1800.00
3029884,1200.00,1800.00
3032012,1200.00,1800.00
3034136,1500.00,1800.00
3036268,1200.00,1800.00
3038384,1200.00,1800.00
3040512,900.00,1800.00
3042620,1200.00,1800.00
3044676,1200.00,1800.00
3046800,900.00,1800.00
3048868,1200.00,1800.00
3050964,900.00,1800.00
3053004,1200.00,1800.00
3055132,1200.00,1800.00
3057256,1200.00,1800.00
3059380,1200.00,1800.00
3061504,900.00,1800.00
3063544,1200.00,1800.00
3065672,900.00,1800.00
3067712,900.00,1800.00
3069752,900.00,1800.00
3071792,900.00,1800.00
3073868,900.00,1800.00
3075872,900.00,1800.00
3077912,900.00,1800.00
3079952,900.00,1800.00
3081992,900.00,1800.00
3084032,900.00,1800.00
3086072,900.00,1800.00
3088112,600.00,1800.00
3090152,900.00,1800.00
3092192,900.00,1800.00
3094232,600.00,1800.00
3096272,900.00,1800.00
3098312,900.00,1800.00
3100352,900.00,1800.00
3102392,900.00,1800.00
3104432,900.00,1800.00
3106472,600.00,1800.00
3108512,600.00,1800.00
3110564,900.00,1800.00
3112620,900.00,1800.00
3114644,900.00,1800.00
3116684,900.00,1800.00
3118724,900.00,1800.00
3120764,1200.00,1800.00
3122892,900.00,1800.00
3124932,1200.00,1800.00
3127056,1200.00,1800.00
3129180,1200.00,1800.00
3131376,900.00,1800.00
3133344,1200.00,1800.00
3135472,1200.00,1800.00
3137624,1500.00,1800.00
3139720,1200.00,1800.00
3141844,1200.00,1800.00
3143972,1200.00,1800.00
3146096,1200.00,1800.00
3148220,1200.00,1800.00
3150344,1500.00,1800.00
3152472,1500.00,1800.00
3154596,1500.00,1800.00
3156720,1500.00,1800.00
3158868,1500.00,1800.00
3160972,1500.00,1800.00
3163096,1500.00,1800.00
3165220,1500.00,1800.00
3167344,1500.00,1800.00
3169472,1500.00,1800.00
3171596,1800.00,1800.00
3173720,1800.00,1800.00
3175844,1800.00,1800.00
3177972,1500.00,1800.00
3180124,1500.00,1800.00
3182220,1800.00,1800.00
3184344,1500.00,1800.00
3186472,1800.00,1800.00
3188596,1800.00,1800.00
3190720,1800.00,1800.00
3192852,1500.00,1800.00
3194972,1800.00,1800.00
3197096,1800.00,1800.00
3199220,1800.00,1800.00
3201368,1800.00,1800.00
3203472,1800.00,1800.00
3205596,1800.00,1800.00
3207772,1800.00,1800.00
3209896,1800.00,1800.00
3212024,1800.00,1800.00
3214148,1500.00,1800.00
3216272,1800.00,1800.00
3218404,1500.00,1800.00
3220524,1800.00,1800.00
3222648,1800.00,1800.00
3224772,1800.00,1800.00
3226896,1500.00,1800.00
3229024,1500.00,1800.00
3231148,1800.00,1800.00
3233272,1500.00,1800.00
3235396,1200.00,1800.00
3237524,1500.00,1800.00
3239648,1500.00,1800.00
3241772,1200.00,1800.00
3243896,1200.00,1800.00
3246024,1200.00,1800.00
3248148,1200.00,1800.00
3250272,1200.00,1800.00
3252396,1500.00,1800.00
3254524,1200.00,1800.00
3256648,1200.00,1800.00
3258772,1200.00,1800.00
3260896,1200.00,1800.00
3263024,1200.00,1800.00
3265152,1200.00,1800.00
3267272,1200.00,1800.00
3269396,1200.00,1800.00
3271524,900.00,1800.00
3273564,900.00,1800.00
3275604,1200.00,1800.00
3277728,900.00,1800.00
3279768,900.00,1800.00
3281808,900.00,1800.00
3283876,900.00,1800.00
3285896,900.00,1800.00
3287928,900.00,1800.00
3289968,900.00,1800.00
3292008,900.00,1800.00
3294048,900.00,1800.00
3296088,900.00,1800.00
3298128,600.00,1800.00
3300168,900.00,1800.00
3302208,600.00,1800.00
3304248,600.00,1800.00
3306360,600.00,1800.00
3308372,600.00,1800.00
3310412,600.00,1800.00
3312452,600.00,1800.00
3314492,600.00,1800.00
3316532,900.00,1800.00
3318572,600.00,1800.00
3320612,900.00,1800.00
3322652,900.00,1800.00
3324692,900.00,1800.00
3326732,900.00,1800.00
3328772,900.00,1800.00
3330812,900.00,1800.00
3332852,900.00,1800.00
3334892,1200.00,1800.00
3337020,900.00,1800.00
3339064,1200.00,1800.00
3341184,1200.00,1800.00
3343308,1200.00,1800.00
3345432,900.00,1800.00
3347476,1200.00,1800.00
3349600,1200.00,1800.00
3351724,1200.00,1800.00
3353876,900.00,1800.00
3355888,1200.00,1800.00
3358012,1200.00,1800.00
3360140,1200.00,1800.00
3362264,1200.00,1800.00
3364388,1200.00,1800.00
3366512,1200.00,1800.00
3368640,1200.00,1800.00
3370764,1200.00,1800.00
3372888,1200.00,1800.00
3375012,1200.00,1800.00
3377140,1200.00,1800.00
3379264,1500.00,1800.00
3381392,1200.00,1800.00
3383512,1200.00,1800.00
3385640,1200.00,1800.00
3387764,1200.00,1800.00
3389888,1200.00,1800.00
3392020,1200.00,1800.00
3394140,1500.00,1800.00
3396264,1500.00,1800.00
3398388,1200.00,1800.00
3400512,1500.00,1800.00
3402644,1500.00,1800.00
3404764,1200.00,1800.00
3406888,1500.00,1800.00
3409036,1500.00,1800.00
3411160,1500.00,1800.00
3413284,1500.00,1800.00
3415412,1200.00,1800.00
3417536,1200.00,1800.00
3419660,1200.00,1800.00
3421792,1500.00,1800.00
3423912,1500.00,1800.00
3426036,1200.00,1800.00
3428168,1500.00,1800.00
3430284,1200.00,1800.00
3432412,1200.00,1800.00
3434536,1200.00,1800.00
3436660,1200.00,1800.00
3438784,1200.00,1800.00
3440912,1200.00,1800.00
3443036,1200.00,1800.00
3445160,900.00,1800.00
3447200,1200.00,1800.00
3449324,1200.00,1800.00
3451452,1200.00,1800.00
3453576,1200.00,1800.00
3455700,1200.00,1800.00
3457824,900.00,1800.00
3459864,900.00,1800.00
3461904,900.00,1800.00
3463944,900.00,1800.00
3465984,900.00,1800.00
3468032,900.00,1800.00
3470120,900.00,1800.00
3472104,900.00,1800.00
3474144,900.00,1800.00
3476184,900.00,1800.00
3478224,900.00,1800.00
3480264,900.00,1800.00
3482304,900.00,1800.00
3484344,600.00,1800.00
3486392,900.00,1800.00
3488424,900.00,1800.00
3490464,900.00,1800.00
3492504,600.00,1800.00
3494544,900.00,1800.00
3496584,900.00,1800.00
3498624,900.00,1800.00
3500664,600.00,1800.00
3502704,900.00,1800.00
3504744,900.00,1800.00
3506784,600.00,1800.00
3508888,600.00,1800.00
3510924,600.00,1800.00
3512964,900.00,1800.00
3515004,900.00,1800.00
3517044,900.00,1800.00
3519084,900.00,1800.00
3521124,900.00,1800.00
3523164,900.00,1800.00
3525204,900.00,1800.00
3527244,900.00,1800.00
3529284,1200.00,1800.00
3531408,900.00,1800.00
3533448,900.00,1800.00
3535488,900.00,1800.00
3537528,900.00,1800.00
3539568,900.00,1800.00
3541608,1200.00,1800.00
3543732,900.00,1800.00
3545772,1200.00,1800.00
3547896,900.00,1800.00
3549940,1200.00,1800.00
3552064,1200.00,1800.00
3554188,1200.00,1800.00
3556376,1200.00,1800.00
3558436,1200.00,1800.00
3560564,1200.00,1800.00
3562688,1200.00,1800.00
3564812,1200.00,1800.00
3566944,1500.00,1800.00
3569064,1200.00,1800.00
3571188,1200.00,1800.00
3573312,1200.00,1800.00
3575436,1200.00,1800.00
3577620,1200.00,1800.00
3579688,1500.00,1800.00
3581812,1200.00,1800.00
3583944,1200.00,1800.00
3586068,1500.00,1800.00
3588188,1500.00,1800.00
3590312,1500.00,1800.00
3592440,1500.00,1800.00
3594564,1500.00,1800.00
3596688,1200.00,1800.00
3598868,1500.00,1800.00
3600940,1500.00,1800.00
3603064,1500.00,1800.00
3605188,1200.00,1800.00
3607312,1500.00,1800.00
3609456,1200.00,1800.00
3611580,1500.00,1800.00
3613712,1500.00,1800.00
3615828,1500.00,1800.00
3617956,1500.00,1800.00
3620120,1500.00,1800.00
3622204,1500.00,1800.00
3624328,1200.00,1800.00
3626456,1500.00,1800.00
3628580,1200.00,1800.00
3630704,1500.00,1800.00
3632832,1200.00,1800.00
3634956,1200.00,1800.00
3637080,1200.00,1800.00
3639204,1200.00,1800.00
3641376,1200.00,1800.00
3643456,1200.00,1800.00
3645580,1200.00,1800.00
3647704,1200.00,1800.00
3649828,1200.00,1800.00
3651956,900.00,1800.00
3653996,1200.00,1800.00
3656120,1200.00,1800.00
3658244,1200.00,1800.00
3660372,900.00,1800.00
3662408,1200.00,1800.00
3664536,900.00,1800.00
3666576,1200.00,1800.00
3668700,900.00,1800.00
3670740,1200.00,1800.00
3672864,900.00,1800.00
3674904,900.00,1800.00
3676944,900.00,1800.00
3678984,900.00,1800.00
3681024,900.00,1800.00
3683064,900.00,1800.00
3685120,900.00,1800.00
3687144,900.00,1800.00
3689184,900.00,1800.00
3691224,600.00,1800.00
3693264,900.00,1800.00
3695304,900.00,1800.00
3697344,900.00,1800.00
3699384,600.00,1800.00
3701424,900.00,1800.00
3703464,600.00,1800.00
3705504,900.00,1800.00
3707612,900.00,1800.00
3709584,900.00,1800.00
3711636,600.00,1800.00
3713676,900.00,1800.00
3715716,600.00,1800.00
3717756,900.00,1800.00
3719796,600.00,1800.00
3721844,900.00,1800.00
3723876,900.00,1800.00
3725916,900.00,1800.00
3727956,900.00,1800.00
3729996,900.00,1800.00
3732036,900.00,1800.00
3734076,900.00,1800.00
3736116,1200.00,1800.00
3738244,900.00,1800.00
3740284,1200.00,1800.00
3742408,1200.00,1800.00
3744532,1200.00,1800.00
3746660,900.00,1800.00
3748704,1200.00,1800.00
3750824,900.00,1800.00
3752864,1200.00,1800.00
3754992,1200.00,1800.00
3757112,900.00,1800.00
3759152,1200.00,1800.00
3761276,1200.00,1800.00
3763404,1200.00,1800.00
3765528,1500.00,1800.00
3767652,1200.00,1800.00
3769776,1200.00,1800.00
3771904,1200.00,1800.00
3774036,1500.00,1800.00
3776152,1200.00,1800.00
3778276,1200.00,1800.00
3780404,1200.00,1800.00
3782528,1200.00,1800.00
3784652,1500.00,1800.00
3786776,1200.00,1800.00
3788904,1200.00,1800.00
3791028,1200.00,1800.00
3793152,1200.00,1800.00
3795276,1500.00,1800.00
3797404,1500.00,1800.00
3799528,1500.00,1800.00
3801652,1500.00,1800.00
3803776,1500.00,1800.00
3805904,1200.00,1800.00
3808028,1500.00,1800.00
3810212,1200.00,1800.00
3812328,1500.00,1800.00
3814452,1200.00,1800.00
3816576,1500.00,1800.00
3818700,1500.00,1800.00
3820828,1500.00,1800.00
3822952,1200.00,1800.00
3825120,1500.00,1800.00
3827200,1500.00,1800.00
3829328,1200.00,1800.00
3831452,1500.00,1800.00
3833576,1500.00,1800.00
3835700,1500.00,1800.00
3837828,1200.00,1800.00
3839952,1500.00,1800.00
3842076,1500.00,1800.00
3844200,1200.00,1800.00
3846368,1200.00,1800.00
3848452,1500.00,1800.00
3850576,1200.00,1800.00
3852700,1500.00,1800.00
3854828,1200.00,1800.00
3856952,1500.00,1800.00
3859076,1200.00,1800.00
3861200,1500.00,1800.00
3863328,1200.00,1800.00
3865452,1200.00,1800.00
3867620,1500.00,1800.00
3869708,1200.00,1800.00
3871828,1200.00,1800.00
3873952,1200.00,1800.00
3876076,1200.00,1800.00
3878208,1200.00,1800.00
3880328,1500.00,1800.00
3882452,1200.00,1800.00
3884576,1200.00,1800.00
3886700,1200.00,1800.00
3888876,1200.00,1800.00
3890960,1200.00,1800.00
3893076,1200.00,1800.00
3895200,1200.00,1800.00
3897328,1200.00,1800.00
3899452,1200.00,1800.00
3901576,1200.00,1800.00
3903700,1200.00,1800.00
3905828,1200.00,1800.00
3907952,1200.00,1800.00
3910196,1200.00,1800.00
3912232,1200.00,1800.00
3914356,1200.00,1800.00
3916484,900.00,1800.00
3918524,1200.00,1800.00
3920648,1200.00,1800.00
3922772,1200.00,1800.00
3924896,1200.00,1800.00
3927024,1200.00,1800.00
3929148,900.00,1800.00
3931188,1200.00,1800.00
3933312,1200.00,1800.00
3935436,1200.00,1800.00
3937620,1200.00,1800.00
3939688,900.00,1800.00
3941728,1200.00,1800.00
3943868,1200.00,1800.00
3945976,1200.00,1800.00
3948104,900.00,1800.00
3950144,1200.00,1800.00
3952268,1200.00,1800.00
3954392,1200.00,1800.00
3956516,1200.00,1800.00
3958644,1200.00,1800.00
3960768,1200.00,1800.00
3962900,1200.00,1800.00
3965016,900.00,1800.00
3967056,1200.00,1800.00
3969184,1200.00,1800.00
3971368,1200.00,1800.00
3973432,900.00,1800.00
3975472,1200.00,1800.00
3977624,900.00,1800.00
3979636,1200.00,1800.00
3981764,1200.00,1800.00
3983888,1200.00,1800.00
3986012,900.00,1800.00
3988052,1200.00,1800.00
3990176,900.00,1800.00
3992216,1200.00,1800.00
3994344,900.00,1800.00
3996388,1200.00,1800.00
3998508,1200.00,1800.00
4000632,1200.00,1800.00
4002756,1200.00,1800.00
4004884,900.00,1800.00
4006928,900.00,1800.00
4008968,1200.00,1800.00
4011128,900.00,1800.00
4013168,1200.00,1800.00
4015292,900.00,1800.00
4017332,1200.00,1800.00
4019456,1200.00,1800.00
4021584,1200.00,1800.00
4023716,1200.00,1800.00
4025832,1200.00,1800.00
4027956,1200.00,1800.00
4030120,1200.00,1800.00
4032208,1200.00,1800.00
4034332,1200.00,1800.00
4036456,1200.00,1800.00
4038584,1200.00,1800.00
4040712,1200.00,1800.00
4042832,1200.00,1800.00
4044956,1200.00,1800.00
4047084,1200.00,1800.00
4049208,900.00,1800.00
4051248,1200.00,1800.00
4053372,1200.00,1800.00
4055504,900.00,1800.00
4057620,900.00,1800.00
4059576,900.00,1800.00
4061616,1200.00,1800.00
4063744,900.00,1800.00
4065784,900.00,1800.00
4067824,1200.00,1800.00
4069948,1200.00,1800.00
4072072,1200.00,1800.00
4074196,1200.00,1800.00
4076368,1200.00,1800.00
4078448,1200.00,1800.00
4080572,900.00,1800.00
4082624,1200.00,1800.00
4084744,1200.00,1800.00
4086864,1200.00,1800.00
4088988,900.00,1800.00
4091028,900.00,1800.00
4093068,1200.00,1800.00
4095192,1200.00,1800.00
4097316,900.00,1800.00
4099356,900.00,1800.00
4101396,1200.00,1800.00
4103524,1200.00,1800.00
4105648,1200.00,1800.00
4107772,900.00,1800.00
4109812,900.00,1800.00
4111908,900.00,1800.00
4113940,1200.00,1800.00
4116068,900.00,1800.00
4118104,1200.00,1800.00
4120232,900.00,1800.00
4122272,1200.00,1800.00
4124396,1200.00,1800.00
4126520,1200.00,1800.00
4128644,1200.00,1800.00
4130772,1200.00,1800.00
4132896,1500.00,1800.00
4135020,1200.00,1800.00
4137144,1200.00,1800.00
4139272,1200.00,1800.00
4141396,1500.00,1800.00
4143520,1200.00,1800.00
4145644,1200.00,1800.00
4147772,1200.00,1800.00
4149904,1200.00,1800.00
4152020,1500.00,1800.00
4154144,1200.00,1800.00
4156272,1200.00,1800.00
4158396,1200.00,1800.00
4160532,1500.00,1800.00
4162644,1500.00,1800.00
4164772,1500.00,1800.00
4166896,1200.00,1800.00
4169020,1500.00,1800.00
4171144,1200.00,1800.00
4173272,1500.00,1800.00
4175396,1200.00,1800.00
4177520,1500.00,1800.00
4179644,1500.00,1800.00
4181772,1500.00,1800.00
4183896,1500.00,1800.00
4186020,1500.00,1800.00
4188144,1500.00,1800.00
4190272,1500.00,1800.00
4192396,1500.00,1800.00
4194520,1200.00,1800.00
4196644,1500.00,1800.00
4198772,1500.00,1800.00
4200896,1500.00,1800.00
4203020,1500.00,1800.00
4205144,1500.00,1800.00
4207272,1500.00,1800.00
4209396,1500.00,1800.00
4211560,1500.00,1800.00
4213688,1500.00,1800.00
4215816,1500.00,1800.00
4217944,1500.00,1800.00
4220128,1200.00,1800.00
4222192,1500.00,1800.00
4224312,1200.00,1800.00
4226436,1500.00,1800.00
4228560,1500.00,1800.00
4230684,1200.00,1800.00
4232812,1500.00,1800.00
4234936,1200.00,1800.00
4237060,1200.00,1800.00
4239184,1200.00,1800.00
4241376,1200.00,1800.00
4243436,1200.00,1800.00
4245560,1200.00,1800.00
4247684,1200.00,1800.00
4249816,1200.00,1800.00
4251936,1200.00,1800.00
4254060,1200.00,1800.00
4256184,900.00,1800.00
4258224,1200.00,1800.00
4260352,900.00,1800.00
4262392,1200.00,1800.00
4264516,1200.00,1800.00
4266640,900.00,1800.00
4268680,900.00,1800.00
4270720,1200.00,1800.00
4272848,900.00,1800.00
4274888,1200.00,1800.00
4277012,900.00,1800.00
4279052,900.00,1800.00
4281092,1200.00,1800.00
4283216,900.00,1800.00
4285256,900.00,1800.00
4287296,900.00,1800.00
4289336,900.00,1800.00
4291376,900.00,1800.00
4293416,900.00,1800.00
4295456,600.00,1800.00
4297496,900.00,1800.00
4299544,900.00,1800.00
4301576,600.00,1800.00
4303616,900.00,1800.00
4305656,900.00,1800.00
4307696,900.00,1800.00
4309736,900.00,1800.00
4311808,900.00,1800.00
4313868,900.00,1800.00
4315888,900.00,1800.00
4317928,900.00,1800.00
4319968,900.00,1800.00
4322008,900.00,1800.00
